-0.134638437587,0.00282983430636,0.0140327163137,0.0356543022143,0.00833539013947,-0.00478924934541,-0.0240623855928,0.111952263447,-0.0673213256993,0.0738533037852,0.204746764869,0.0728480085108,-0.138988549979,0.150599937645,0.142811493733,0.103292480041,0.159065067388,0.0937735506161,0.174305436293,-0.199797265259,0.00107378058121,0.156226297881,-0.0245799892546,0.0847529639003,0.0185664890732,0.287566735857,0.0333050871186,0.0214871536101,-0.0572228918037,-0.0177907966691,0.0549357512366,-0.0903934834365,0.0763708378256,-0.00570934233929
0.468991007429,0.236306608932,-1.01367552529,0.0859685158291,0.109422822457,0.000862644145819,-0.530163908259,-0.0421110544895,1.21847998496,-0.52960495792,-0.100518369001,-0.78562197441,0.561875428475,0.340401731388,-0.100947983623,0.98840919894,0.793088751847,-1.64550393043,1.13124576199,-0.0495886220017,-0.295672270894,0.641838690961,-0.26772875693,-0.55632566039,0.145317827036,0.0585053032653,-2.24731626859e-13,0.00219210364142,-0.07620566474,-0.00737629448113,0.09507078969,0.193117835692,0.266435220228,0.321378129308
-3.51621337021,-0.62862154174,-0.258244609056,-0.163988508573,-0.521104522146,0.309817757421,-0.667281101714,0.367937544827,1.93449741347,0.255171373915,-1.38954981442,0.257874039265,2.63556296614,-0.744996009172,0.878255214572,-0.793857321459,-1.1539927535,-0.416589272375,1.33183088294,-1.21304356825,0.856788831204,0.37899369544,-2.17002449986,0.458992850605,-0.996742853048,0.605833443281,-1.17967293764e-122,-0.00177071121373,0.00203843162309,-0.00679485881894,0.0380699430828,0.0564275114936,0.0383197752938,-0.289661397909
0.536834955801,-0.859825120877,-3.50046621282,0.311974684022,-1.78149483469,-0.512168881434,-0.515209245636,0.0556902192773,1.11704245375,-1.79349366781,-2.27171754091,1.33241399893,-2.97733562783,1.2667431493,0.267124531298,-1.05190113941,-2.06838854588,-0.31455364835,-1.47298538606,-3.64227654781,1.14359019235,0.483083244513,-2.86864896039,0.0162667200217,-1.71387127752,0.527653130105,-9.39379462892e-317,0.143806898086,-0.751603205806,-9.96978376353e-09,0.117786829968,0.33967397497,0.310904527601,0.429447050524
1.11165861272,0.337441127228,1.27262798111,0.232806257037,1.20192784478,-0.441648386282,-1.55365627348,-0.943070192257,-1.51119754429,1.42165045841,1.00953638741,0.688725414506,1.5761757093,-0.393548365588,0.958258565786,0.908609052199,-0.0728875637301,0.0336545041341,-0.869362053628,2.0133587975,-0.41314629028,0.176270961971,1.61952637731,0.00756513527253,0.0140027376968,-0.0757515920492,-2.41139326352e-18,0.00277884415497,0.170698900993,-4.76857535228e-05,0.0460408795244,0.00225108365429,0.235838609071,0.299476522292
-0.991744870083,-0.637003442556,1.63805104145,-0.400839298154,0.483772657455,-0.644075227506,0.535418472979,1.54879277936,-0.106870172271,1.42884584657,1.34192642597,0.682936887682,1.62046641777,0.0970089154276,1.45910557021,-0.448856748471,0.159608902707,-1.9538790233,1.52204751685,1.67889356932,0.833144188321,1.18538210281,0.613017846458,0.150987227592,1.23734004572,-0.00768572007085,5.64759806236e-21,-2.16321497789e-06,0.227194512925,-0.0220975358208,-0.29680765986,-0.310258887514,-0.0192625060954,-0.407555915678
0.0590563058654,-0.0270794181643,-0.536067194946,0.203738381093,1.23653499465,-0.921556088139,0.46280674635,-0.453498645909,1.64774039379,-2.08672966145,1.05822205338,2.31416769653,0.458934788069,-1.32179435882,-2.87697132366,-0.901020091257,0.938784016504,-1.49641472336,-2.58089374386,-1.44671324733,3.10477375701,-1.17049086484,-2.10546046047,-2.95698201907,-3.38210834797,-0.185134797547,-1.95186671797,-0.37515022139,-0.671234803248,-0.194304996108,-0.201428758182,-0.0605263901802,-0.0496654423326,0.674035471171
0.0715964071211,0.106251617323,-0.460445899743,0.580184460307,0.345729946208,0.0696632747687,0.599130368528,0.857244227375,0.807857615245,0.801943853711,-1.17946730742,1.56793650713,0.670104425191,0.1884795433,0.0357292104552,-0.244030657776,-0.443912460517,-0.0301777386423,-0.301978314319,-0.488221852036,0.25921992741,0.104439903407,-0.237094277191,-0.230315713359,-0.160033611624,3.9384875719,2.32881477337,0.759833817836,0.265779310102,0.170264179109,-1.57540022134,-1.59091862756,-1.22940116418,-1.70143926355
-0.125118929269,0.00878618269854,-0.207659811529,0.101123899346,0.493581100625,-0.233399974626,0.251997529316,0.284540385871,-0.279104807949,-0.227714424654,0.508419120527,-0.686225559592,-0.512223717838,0.122800418176,0.0923106643958,-0.193626400174,-0.228119708301,-0.383246980354,-0.505022063259,-0.159886878435,-0.17676479561,0.484575388397,-0.126024892357,-0.130771069978,-0.394897537608,-0.0484780460973,-0.10005341674,-0.0233166663946,0.0181218918665,-0.0182209240513,0.102849762142,0.0287292203807,0.172794055436,-0.178173633758
-8.04312046833,0.0115456874051,-0.772910311837,-0.634928036585,-0.63976545711,0.48945530756,0.0331377329931,0.665079144014,-2.6382147456,-3.12492485409,0.00341608877974,1.39333785385,0.906196244287,-0.104760687171,-0.495538720953,-0.910774655758,0.0432669722436,0.374116676579,-0.556235547212,0.00337632112419,0.565369674423,0.575175568612,-0.428223029218,0.499415400573,-1.18625209125,-3.07667417883,6.09127110221,0.226937093909,-1.82911692501,-0.073622139129,-0.209294969233,-0.0909657453699,-0.24626906993,-0.339408570383
1.99308178379,0.0252913623417,-0.510689737499,-0.20520811668,0.884097602606,-0.188364745512,1.06581456301,3.3290561843,-0.331068029099,0.477411348618,2.24117727299,0.519928435125,-0.0946413683279,0.458044920683,-0.796103849844,-0.228568838538,0.869113637955,-0.0604901843763,0.54541877557,0.414765263776,-0.0414676052825,0.437434960949,0.0313026932486,0.211806521778,1.16904720206,-2.62193511191,3.05550551859,-0.0313246885323,0.892408688147,-0.0659873174774,-0.293639927091,-0.26313820314,-0.446158181878,-1.936545272
2.97396995407,0.1309829422,0.340807705999,0.457940873837,1.90030776971,0.149513986904,-1.48438140859,1.68530881896,0.156141513797,-0.993989646641,-0.0735734373324,1.3729342702,-1.61636209818,1.23354539147,-0.795403431355,-0.461392223619,-0.736368325523,-2.55138139153,-0.0856589266612,-0.35952374068,-1.25240768921,0.559630225274,0.11667982447,-0.309460078267,1.02597697772,1.28203150456,1.97316370049,-0.029980109703,0.351124414616,0.184895624699,-1.19112992999,-0.851548780709,-0.852012709584,-1.62016308674
-0.0391121257115,-0.000953733396184,-0.0668510687125,-0.0832147642241,-0.000569972971737,-0.0300357211297,0.265124266704,0.0760913746353,0.110504338488,-0.12390865792,0.150135735238,0.00663928770217,0.0148165254383,0.0553557557118,0.139932557819,0.322389599406,0.112949667639,-0.267137829069,0.120602763017,-0.428101532858,-0.0149767761455,-0.00751773822521,0.154642981935,-0.151385741324,-0.22187739592,0.142446306542,-0.0535467198414,0.00889656033209,-0.0661427071791,0.0184286389345,0.0473935552864,0.0141770044651,0.0123561849273,-0.0563895333446
-0.0953759076421,0.325580638881,0.894954488735,-0.322488936913,-0.163444989003,-0.190534523684,0.419060748794,1.24231521631,1.11532086377,-0.407849804389,-1.17713977014,-0.440337563939,0.508780645586,-1.9096717137,1.17264546391,-0.868898050586,-0.633612150297,0.247119592588,1.01312330017,0.225142289655,1.58255757427,-0.789922908553,0.715142079371,-2.15141281904,-0.731258424048,0.429209703576,-6.57214088636e-14,0.239343103049,-1.7697784312,-0.418403171021,-0.15928241953,-0.352621069049,-0.174119744655,-0.180732343247
1.46917636674,-0.0417998203144,0.529113223604,-0.734689929799,-2.46695822932,1.46302513159,-0.13385854102,-2.53312374116,0.352801776052,-1.5670612004,-1.0738336344,-0.470233445307,0.565644122969,-0.720731813569,0.914383967896,1.00963479834,1.31450105398,-2.18079916953,0.749017412458,0.598153255365,-0.00653648861958,1.88007139357,-0.0669552093728,1.38485370977,0.256948856884,1.07870857287,0.374321209677,-0.214898038204,-1.17021037869,0.56504461939,-0.831980463976,-0.517586361764,-0.355012503575,0.676801243367
-3.35445008012,-0.242837862298,0.384489789283,0.294963611181,-1.53603792514,-1.36328244904,-0.919243454106,-0.607475432201,-1.0289900564,0.0153695692262,1.26059037475,1.032828549,-1.0866803246,0.252976329547,-0.585515288457,1.14323019638,-0.222145126518,-0.787459810098,-1.80875118534,-0.70879063679,0.907490471301,-1.84307830454,0.401078674758,-0.453740727281,0.0440933115941,-0.230231690018,-2.35250547138e-10,0.381217206488,-1.98471259834,-0.805804329324,0.404044826076,0.496788889929,0.180319835185,0.470440724474
0.506081618478,-0.264251833017,1.31350757199,-0.0324173655038,-1.72704263796,1.49754034645,-2.58331920925,1.90438506614,0.578844867396,-0.275554407775,-1.0853048082,1.01944928776,-1.44317429027,-0.64981071047,0.785438286598,1.88795095085,-1.22676651866,-0.794150863323,-0.721088096587,-0.357767599583,-0.310904218128,-1.79457356582,1.71962668247,-0.190913915135,2.00643062523,0.789084068881,0.0291747914412,-0.405669646028,-0.350944536513,0.100609189151,0.0347751947142,0.100043951197,-0.245389418466,-0.389814895673
0.0154299298868,-0.122765350856,0.881022231305,0.247800450913,-1.63576754786,-0.610132780602,0.0934640725106,0.277299041341,0.148246783784,-0.368369944628,-1.8358485479,0.297603337784,0.564563724318,0.524912056356,-1.34252867996,-0.322948901366,-2.58756377536,-0.841418659062,0.597759567606,-0.212467078531,1.72069980552,1.82588408903,-0.818620859681,0.72299124853,0.955786255468,-0.541260522478,-0.130399564774,0.104450858349,0.0644191772315,0.390600184354,0.32874953614,0.404203238374,0.560401930189,0.901730354717
-2.31783477865,-0.0701597650233,-0.695524619039,0.485350528254,-1.02783275928,0.0653867550545,1.9914127947,0.0339004583526,2.01341789911,0.280173600763,-1.0553303713,-1.84893441035,0.159385370746,-1.63418724815,0.487949555588,-1.14920895151,-0.138963863613,-0.673648033973,0.0558103412582,0.536928202664,-0.101467171013,-1.42508409172,-0.229569202372,2.34608099971,0.603466305232,-0.894469841383,-0.0160582459972,0.0452811634883,-0.562811490655,-0.657742177912,-0.432407167014,-0.454857069833,-0.142290879896,0.29966218032
-3.82491111576,0.635184033015,0.245910385215,-0.419710535486,0.172878501814,0.220840998665,0.308258557657,1.04494840197,-0.128396045275,-1.16234822906,1.43357784003,-0.352058604046,1.01608243796,1.50320733154,-0.940631892225,-0.554648785392,-1.30542262774,1.06272061148,-1.4438642021,-0.627750554421,-0.121562161298,-2.65312823248,-0.513644374541,-0.445403872558,-0.100921096529,0.342728069221,6.07490746721e-19,0.0919193870702,0.0824325034909,-0.000354419510023,0.0874685388604,0.0249813460808,-0.053137446238,-0.266525263712
1.35222944069,0.659801200274,0.776964844321,-0.358500793657,-0.639362108162,-0.277984178963,0.130466173839,1.21903246982,-0.936703785048,0.23782511726,0.156958987361,-0.123319929056,1.48676917027,-0.930035294854,0.0498533957473,0.305242379339,-0.696812608263,0.74025592505,0.578370802709,1.13927019321,-0.925875190109,-2.86009453291,0.852402945242,-0.346924412612,0.432216226278,0.101200022468,8.25266582816e-22,0.0388235277671,0.162866520916,-0.0581219151745,-0.443268654369,-0.186217166069,-0.141375978576,-0.603073329426
0.798446805614,0.0851048271496,0.53719709096,-3.12613810653,0.839709740717,0.616711655887,-0.25962539695,0.224694582182,1.47655870064,0.357061868387,0.727920432865,-1.12001423163,-1.16288620371,1.29842515698,-1.36830859574,2.02078756691,-0.935426025156,2.43932361612,-0.79347601391,1.04216228139,0.281441898848,-0.0312626438721,1.17913983452,-0.528954728306,-0.0942515288733,1.47345441355,1.68135688247,0.383524736593,2.93148617903,0.039761808191,-0.945500508655,-1.0214671128,-0.775234109139,-0.966717603521
1.42162297747,0.0188009478827,-0.223112838864,1.23236897295,-0.634787544721,1.71354868806,-1.21355976623,-0.101509764739,2.09143078076,0.173426335432,-0.973929377924,1.50174792284,-0.785090489056,0.781128982208,2.20385204703,0.756152388629,-1.18830696821,-0.873050751823,-2.37199017464,-0.700017851297,-0.160916929798,0.752453224063,2.764827998,1.02538574043,0.0298212634778,-0.646174598245,0.458749647366,0.0523294119405,-1.1643388024,0.373092595614,0.784270557965,0.489818198382,0.474421168457,-0.810731624945
-0.449888156029,0.046152362132,0.922562190243,-0.2906039986,2.006657209,-0.418283344442,-0.358388396366,-0.217730739011,0.365346466886,-0.590531165101,1.65120766527,1.69159089776,0.93216318274,-1.05717545854,-2.94173581878,0.291670155365,0.913051119309,-0.3138779817,0.497625644682,-1.11138516958,0.14275840745,-0.750509706605,0.365654324381,-0.0429337543766,1.90128079686,0.678913046132,0.642546880858,1.19589050416,0.729109942614,-0.0845050791036,-0.206949989478,-0.241920851227,-0.24845026423,-0.783086978198
-0.833940569689,-0.137465686982,-1.18448757702,0.480703026613,-0.720521403517,0.689963460405,-1.09907064259,-1.49999939223,-0.827438507361,-0.717291573818,-1.69478821141,1.58213459239,-1.19843817458,0.557388282214,-1.9033840894,1.25971362591,-2.09640295126,0.122176248469,-1.12614092037,-1.4518356783,-1.88706073869,-1.18352423805,-0.742353335301,0.587448904745,-1.14066787931,-1.34517515851,0.00151462562296,-0.746612826771,1.15884121683,0.663071480214,0.149626467945,0.373781429521,0.244449743398,-0.0497010169894
-0.0548655132207,0.00019998118473,-0.0373457920981,-0.0244510125222,0.0082967531454,-0.0464101925011,0.00669917265649,-0.0976318373528,-0.048939419692,0.331946302328,-0.162648422834,0.0406028850784,0.235532346033,0.0908495550308,-0.0737074102026,-0.0490085189793,-0.1012654057,-0.0060033762775,-0.0891348362279,0.18738387919,0.0262285393548,-0.180162525186,-0.097161567173,-0.00761547454719,0.0283887317606,0.144978806189,-0.026920906115,0.0163363451915,-0.0456145143042,-0.00665462620782,-0.0193860290323,-0.111691752097,0.0731558031416,0.0586404118802
3.10307318395,-0.0124606475807,-0.513911748129,0.0933896572103,-0.327495682375,-1.3600667306,-1.6992770822,0.190331139825,2.72201208501,1.59786952526,-3.25046035628,-0.989027090387,0.47210320315,0.549708181039,0.850145470372,-0.445427757468,-0.822529190321,-2.25505495453,-0.487248064795,-0.400270869694,2.04717733378,0.314128897328,-4.52137237585,-0.178023137149,-1.8697061555,-1.89134458653,-2.45267106549,-0.432620111076,0.891227404842,0.352009636261,-0.685975045824,-0.0915638354936,-0.160454799121,0.542493423525
-0.308231942379,0.751799070944,-0.583891506467,0.116921926943,0.733394928542,-1.72267504591,-0.0785777120228,0.116501493611,0.176269226801,-2.06448901935,0.627197172468,0.86132193016,1.45966790581,0.805307799161,-0.0142405851542,0.967168116616,0.525559114197,-1.30724221234,0.611862664189,0.0963795709619,-0.846438542549,-1.03847944375,-0.707099328185,-1.39324705588,-0.1328291889,0.0521023435027,-3.55589946811e-22,0.000240984396538,-0.0223035700483,3.62941353253e-09,0.290577123892,0.128352765969,0.178646753084,0.288124633177
-1.35808708729,-0.282407922374,-0.786479821197,0.161690479946,-2.83505564642,0.716522659687,0.975638532246,-1.3922979022,0.511199862994,0.635130094509,-0.196142333961,-2.7396069338,-0.0838871221384,0.639729143229,0.154116015785,-0.231367004105,-1.18796964803,1.49167322449,1.30578309148,-0.00873608681916,1.40986189447,0.939565164192,-0.849459877913,-0.436452418817,2.66252512009,-0.297496206261,1.71144655395e-13,0.0134870155899,0.747819028312,0.0139779118337,-0.259373365089,-0.33778795364,-0.185323472983,-0.088309690443
-0.513387477471,0.819374994667,1.27220724518,-0.771018770624,-2.29310572013,0.794458110215,-0.879223849809,0.184156139551,0.741493649406,1.17356382799,1.50745172164,0.0767703244398,-0.00562983502352,0.916994514709,0.72019337999,-0.416616866796,-1.20162821059,1.21934278739,1.35241140251,0.168510038664,-0.718255231464,-0.674887304976,1.10032866632,-0.432151939675,-0.0298954134025,0.984164866742,-2.85831585853e-256,0.0029388454036,-0.0260004510894,0.192609010638,-0.715209317198,-0.452607096644,-0.468003367336,-0.597780311115
-0.0683039320679,0.00286480927977,-0.014307018084,-0.055203134202,0.156625482371,0.0321996866869,0.225614136495,0.0588906995568,0.054064664207,0.113194324355,0.164702808836,0.00872936850156,0.227600637004,0.0654004960867,-0.0343536874728,-0.0789267063398,-0.0156378412489,-0.0113863251065,0.132601204098,0.00838608796235,0.118233438223,-0.0354287536987,-0.202958572512,0.21569806171,-0.147029643791,0.112077840152,-0.0356131432601,-0.00311029880212,-0.0915450470954,-0.0124115203467,0.00383836392693,-0.00231372535391,-0.115622417226,-0.109208180127
3.62937734734,0.242586216871,-0.148805876562,0.243012953982,2.79023532159,0.437931895693,1.38804037561,-0.911820429503,1.99067361486,-0.119217933102,-0.153329409796,-0.0356967625386,-1.47977608263,0.157789959694,-1.60299010348,-1.75401320598,-1.55995718711,0.276167617051,-0.748184567655,-0.671056124196,2.35558791526,-0.599789101642,0.886807725481,-1.45200375597,1.78940174266,0.232607495794,2.4384172438e-11,0.0563907905747,0.464519173485,0.548826967288,-0.164968810661,-0.117141012739,-0.0369931852623,-0.00205695155311
2.37098681779,-0.0291532558399,1.71081257094,0.00543765783229,3.11945749644,-1.18440014301,0.840828390331,0.59205861186,-3.14034369742,-1.23373868098,-0.916433141939,0.924142954975,1.87230824177,0.721413761764,-0.991825042549,-0.536291307924,-2.18214270408,1.37493171751,-0.453937171196,0.123488718247,-1.56515029992,0.762090123804,0.597588813464,0.623351156646,0.278414541662,-0.235326907208,0.816924433175,0.0636932418308,-0.883374649826,0.0576360322306,-0.99497520133,-0.116745984853,0.0987227085194,-0.0192088805195
0.404055352791,-0.522331292732,0.486810004259,0.328228419786,-1.93340628296,-0.791676937249,-1.03970574744,-0.832237696799,1.69837500868,-1.85683887312,1.21530827571,0.300039777075,-0.915394615671,0.0696323601509,-2.8158455362,-0.181498402476,0.232001937359,0.285663437839,-0.588511823602,-3.14684814981,-0.593158737395,-0.864406383475,-1.61368077522,-0.216985031189,0.0604655883849,0.407918934725,2.79277368625e-22,0.0468236842237,0.565306305004,0.00626836477854,0.142975058402,0.0424152764304,0.39218857979,0.017066080211
1.0010365259,-0.0724329121803,0.678762285187,0.304940208236,5.34373463128,0.990473061014,-0.514932808523,0.276247936764,0.469337815304,0.53876625386,-1.28874837684,-1.86613505753,-0.638873203598,-1.89268833755,1.00433582279,-1.03534270665,0.254120210691,0.881291684505,0.320554910274,1.35022501531,0.0398354083315,1.08288000829,0.349468655812,-1.28989587748,-0.442390695221,-1.81266460209,-0.4230863477,0.275120210706,-1.08829049386,-0.697544053335,0.30342726699,0.352715793658,0.0580876253783,0.457420024251
1.65509171342,1.38063966824,-0.278646027009,-0.0826567985167,0.503003069093,-0.871381904587,-0.592956041993,-0.320348975908,1.55281041861,-0.795825654478,-1.61559609079,1.69160035174,1.08707656081,-0.616967440848,0.975039737823,-0.367689837414,0.607971938421,-0.255038278969,-0.0982789226831,-0.735655637284,1.00586498583,0.119285060009,-0.447936846873,-2.11321932581,-0.957287813259,0.255861429603,4.53311263589e-315,0.0011706010066,0.0508858552219,4.28303379196e-12,0.00110905978347,-0.0852719011842,-0.224578810486,-0.0833123063439
0.427920334634,0.49220842381,1.46624423392,-0.327688570284,0.986532193724,0.0107212462945,-1.25540980297,-1.86050004458,0.178916400153,-1.05496444371,-0.61067381452,0.326478956907,1.21972688385,-1.98643764896,0.126939457353,-0.967650696708,0.369658067223,-0.0669006111415,1.60595979197,-1.17909439332,-0.705123869425,0.246072918778,0.64364673338,0.437721983729,-2.21508450323,-0.108783670895,1.06958893464e-17,0.0656873661212,-0.313341045692,1.28093266209e-05,-0.153426691175,-0.0110047538917,0.0608848851923,-0.0208148520398
4.7343943951,0.0332312403215,0.613853881582,-0.327207885871,-1.15683327684,-1.19574959914,-0.885742907489,0.206673545734,1.84744589365,2.53117934819,-0.445334963669,0.0482210993374,0.0961438993916,1.73021906279,1.09059327923,0.250689148606,-1.20645828282,-0.409295206672,-0.0827707251045,1.60112872686,2.78141158188,0.403425096081,0.0319791627614,0.373222215458,-2.42933585884,-2.43090201716,-4.33290943601,0.793788398365,0.426245651158,0.302174762506,-0.141183136207,-0.121511527205,-0.0189071228859,0.0960244398677
0.315697661937,0.355990287765,0.281542263476,0.34564685215,0.908952216488,-1.75319842372,-0.0400669570499,-0.237049297645,-0.029646395981,-0.780197311262,0.67404028683,1.78424710821,1.79909760582,1.21542424809,1.5389003223,-0.0676117217257,-1.55960976333,0.12592127375,0.797391097423,1.93218481437,0.559257043629,-1.31832331658,-0.614628856039,-0.14986246099,-0.182318881496,0.011211683886,-4.73089142668e-15,0.00964989286424,-0.00797705205769,-0.000180791798466,-0.0442836392248,0.173410261133,0.136363444435,0.169670470543
-1.70676804231,-0.420459462873,0.814712613979,-0.173827065211,-1.0871959094,0.544788149556,0.430316508881,-0.211328092097,-0.243617884289,1.27628414643,1.93040195582,1.37916988283,1.67569835951,-1.20529040797,0.987564027685,0.464120616325,-0.681694447136,-1.37289246444,-0.783480649371,0.626301191009,1.57474505744,1.01582535903,-1.218220871,1.55125100018,2.56465749346,-0.0575905142346,5.46959539541e-18,-0.00512446287464,1.1008304762,0.00745838329872,-0.333415039195,-0.161474244581,-0.282327092909,-0.383606623277
0.885861781853,0.415780023913,-0.313041898437,-0.0376096024359,-1.32501284652,-0.979447160726,0.611919790834,-1.4956843598,1.1665000166,0.615771527883,0.541989493595,-1.07388812374,1.02797391126,0.128597975848,-0.313855811507,-1.4756949785,-0.465969221673,-0.636912753433,-0.381332038845,-0.521450706843,-0.994213300111,-0.442376850453,-0.570983878615,-1.09283934639,-0.43672263184,0.0390202644559,-5.03413736849e-16,0.0036232757444,0.0014867932615,-0.000717927832397,0.0461842377335,0.0848273688486,-0.0684880760693,0.265068081585
-3.63382845773,-0.423126505105,0.129241737443,0.127212170231,-1.37840711261,0.321590301395,-0.480251881729,2.11787133183,1.41936577845,-0.460622865589,-1.61430100245,1.30430017287,0.509625219373,0.897817561035,0.51976225523,0.355449104461,0.0830351674392,0.497130864558,-0.520823199912,-2.34341981832,1.09022820348,-0.560206323699,-0.753490095403,-0.467844477391,1.21084469823,0.697217551081,-1.27355111515e-18,-0.149129538002,-0.356919331789,0.0177019902485,0.346028922818,0.0920234667456,0.183482116346,0.0557658929141
-0.224820509957,0.0344329655732,0.784773556798,-1.74842943751,2.24643466051,1.13103534001,-0.341817871461,0.397397188968,2.94865936631,1.42016927833,-0.159258143741,-7.84441102978,0.840689088193,0.110438369241,0.641865872703,0.969999819889,-0.444578561086,0.645868334942,1.56192241806,0.727231320774,0.850940444893,-0.331348246576,0.880614764191,0.921128047153,0.451658564035,-0.302492946698,0.922333252076,-0.865145081683,-0.443894093145,-0.371504887517,-0.554390375257,-0.421958561894,-0.36056774516,-0.52371922925
-1.64574815167,-0.179561455045,-2.2857157371,-0.465252164593,0.71449525418,-0.258496525711,-1.08877406857,-0.846129808467,-0.481998700388,-0.68552089048,-0.122351709871,-0.389958731714,0.488484220776,-0.362971543302,0.815021422628,1.2548725036,-0.304089919757,0.273885591686,1.38127236881,-1.24125741505,-1.21151674719,1.25964103939,2.11058395772,0.677876734749,-0.374794721,-0.0550247230051,1.45679004138e-05,-0.00212660148459,-0.017784708696,-0.00714189297424,-0.139386194547,-0.126464969902,-0.0403219082656,-0.318682884178
5.31525933256,0.0818533183971,1.16581327859,0.0777766934596,-0.849587669003,-0.592047485107,0.201809884864,0.269859173245,-1.90794572654,-1.145282067,1.00047935782,0.417664655514,-0.819365899994,-1.7202143557,1.5149685279,-0.833532633334,2.17544371107,-1.60264704337,-0.823542196423,-0.350245252157,-1.25333195508,-0.0500412246733,1.47376202323,0.187320771216,1.11516661682,1.75004660046,0.597621176733,-0.0974513012376,-1.45142432027,0.49974383378,-0.236798954146,-0.447161199541,-0.12230534653,-0.864930960858
-0.987904133703,-0.024520129407,-1.2745515243,-1.33546460088,-2.20651463127,-0.368810012204,-0.308946534744,0.531748278976,-0.270283037707,0.859493421926,-1.39601986326,-2.11630363225,-0.15160257436,0.658539919703,0.441889939552,-0.683906694077,0.278832348339,0.504866491981,0.318761390978,0.232875813444,-1.38031803936,-0.956481371601,0.139748545688,0.305776084925,0.053576436547,-1.66712788834,-0.30334535151,-0.355518196652,0.999384330457,-0.0782510679831,-1.31977179879,-0.720239119192,-0.367326618995,1.50608550218
-1.3841812979,-0.386310923624,-0.246015405538,-0.1570318058,1.15728986327,0.0605259183898,-0.854774810984,-0.681343068294,-0.27477121994,-0.875695862381,0.354585947181,0.0807703889533,-0.980770331427,-0.786031656223,0.553112836593,1.6661934971,0.0918214876338,0.174991866462,-0.312232636479,0.484619849265,-1.37492753665,1.22005685926,0.332015776839,0.668054787251,0.288995828215,-0.0615960894613,8.93068819368e-16,-0.00292677983365,0.194050834982,5.25593516936e-05,-0.0256015430963,0.121824667493,-0.11504314645,-0.164601231338
-1.8913948656,-0.444324031152,-2.00731916144,0.022964095538,-1.4975361074,-2.05167484104,-0.227806255329,-0.957516549861,0.00355855140358,-1.22402132809,-1.44680632765,-0.0137720359134,-0.134870552116,1.8083871493,-1.4440023022,-0.73644719168,-1.00965491347,1.18637059197,-0.159972089242,-1.22725029273,-1.15663976654,-2.07222054055,-0.49082090395,-0.508491039593,-0.469991623839,0.0370753102307,2.22622276778e-20,0.0483132750206,-0.147416659257,-8.27724551598e-05,-0.0245336265182,-0.0300831852518,-0.0283405723961,-0.0676846311251
0.0618826484455,6.10411217145e-05,0.00518547655941,0.0661565198891,-0.0835636577957,-0.0449417559048,-0.100195807514,-0.073290265685,-0.132289727762,0.049704309154,0.141707187851,-0.0451058871121,-0.3164794558,-0.0224290933012,0.0455815979807,-0.0512057409787,0.0525601879784,0.203004274208,0.00783226249024,0.0863373406613,0.0274533994443,0.0474316554533,-0.0963246833288,-0.155281530331,0.0854790443796,0.127459421751,0.113250838643,-0.00347845606013,0.120035566045,0.0104593917763,0.1865804894,-0.0430717648946,-0.0887220161736,0.105835245089
-0.578679260181,0.0425710272386,0.00052416130663,0.415670318669,0.630403250216,1.15711945775,0.671065320391,0.0275191549832,-0.032477169565,-0.14200735973,-0.861575307356,2.24657521201,-0.147119159094,0.208538137877,0.0860308461581,0.522007427382,0.272923731292,0.184425157398,-0.0966701824167,0.459169363203,0.288377104763,0.274035357577,-0.227119990503,-0.130426762112,-0.161885399082,2.0808803585,0.815958278105,1.67620056122,-0.665322785611,-0.234071428974,-0.0526833975546,-0.322056057099,-0.322590086262,-1.82542387961
0.862234479486,0.0318843528768,1.66925794173,2.07352515674,2.19232505297,0.532029335644,1.05635317044,1.37862918974,1.45394764595,1.90713638813,1.53343269099,1.15907318431,-1.06494984837,0.965995465075,0.0519722966655,-0.202673234299,-0.0436595185446,-1.24888682435,0.0706095266594,-0.46232496973,-1.54565281942,1.40509907923,0.160206819455,0.736392973584,-0.0693535615922,-0.543941347976,-0.913371632546,0.186052994329,-0.0146764808151,0.0920156517909,1.83390046233,0.447219292218,0.251628503655,-1.12507833903
-2.83845501819,-0.451589803066,0.290748717191,0.0737911374111,-0.00544891271842,-0.318629784147,0.423480263694,-0.952601755873,-1.17097410289,1.75303126791,-0.440213052196,1.05532781828,-1.26201347078,-0.980223153489,0.923967703239,0.91852221639,-1.88407037246,1.99087613733,0.709556463012,-0.626316185193,1.2108793526,0.730490695448,0.965811926911,1.44597323084,1.15534799933,-0.197156859875,2.37552679875e-18,0.0115993746596,0.24358621316,0.0280115982,0.072597358527,0.176203332011,-0.113441580875,-0.0872709665156
-1.21400454581,-0.187120284844,1.66195678717,-0.371815095156,-2.20228102593,-0.675970311849,0.419730469301,2.11177030586,-2.36145894476,-2.14595051585,-0.411919986543,-0.343768348585,-1.79302294139,-0.592282088044,-0.211680364036,-1.94341505329,0.0232796453499,1.32399644564,1.18357054202,1.05425650128,-0.0433464926068,-1.34206093514,0.974672742775,0.116900394912,-0.624340138212,0.0292949385161,7.61083247324e-08,-0.218301373291,1.23215896764,0.241495923109,-0.346590772435,-0.137753967406,-0.337035532412,-0.411254809784
-0.0632557668481,-0.000257542898491,-0.114465579362,-0.0322466283583,0.0804301611785,-0.118335487847,-0.0463205495218,0.264221985154,-0.0521589183178,-0.0180733884731,-0.221652513201,-0.0584621582691,0.0557761071608,0.208577405222,-0.129050091609,0.1766156176,-0.31751300064,-0.176819977789,0.121001499721,-0.093269720124,0.14310769795,-0.184390194912,0.221557328034,0.238308567551,0.129533930781,0.279430179083,0.0142617071663,0.0199444995736,-0.000667270548966,-0.00615461398886,0.114938909128,0.0999886425188,-0.0587245165154,0.0757474932867
-0.0187780287264,-0.760067961066,-1.28125967875,-0.089593541192,-0.700497083845,1.8718251914,0.0221101255164,0.504747371189,1.03701397473,0.365970556421,-0.735594365914,-1.44270737383,-1.00878427274,-1.19691494501,-0.942896965123,0.372621674771,0.276002974817,0.0979214530138,-0.540097132527,-1.27694562347,-0.623455432341,1.75725967363,0.523327017971,0.507247397821,1.06769757869,-0.0375198817901,5.38235044378e-55,-9.5160190912e-05,-0.00207595708224,-4.03772510323e-10,-0.096960504437,-0.207515961599,-0.285496404327,-0.224053535859
-2.80010168221,-0.629639872802,-1.17497401051,0.0482826089683,0.510259955802,1.59432817184,1.15289605137,-0.119908242806,1.03289288887,1.03751957128,0.768458232341,-0.178623668405,-0.698273566128,-1.17843034391,1.21709799425,-0.371491598705,0.556929769176,-0.957715358191,2.08484352165,0.531484985846,2.27058132897,-0.151414847653,0.860425458265,-0.369625297453,-0.065791283756,0.438532938715,6.93697579074e-18,0.168050405373,-0.551471694317,3.79296918878e-06,0.495033648323,0.362027416309,0.294734874932,0.0363242559846
-1.23640531672,0.109730943513,1.83765366087,0.491722790874,1.55467093641,1.80329354108,1.54906404875,1.05744100062,-0.232415870777,1.15391492978,0.501959592243,0.265178830641,-0.304760608993,-1.41559087375,1.60663833458,-1.66494413344,-0.850644852203,-1.20779485224,0.705545134214,-0.612696771622,0.459196057029,1.7069137807,-0.610279620704,-2.37570713081,-1.37944429372,-0.220247588165,-0.117599939807,-0.000946372511098,-0.195914621425,-0.488393934032,-0.0455623672657,0.0113038038847,0.08332461212,0.343570162441
-1.22990584928,-0.268638512992,-2.40913936775,0.263849424761,-1.39033598716,-1.62900241442,-0.15157533872,-1.32512454302,0.0613511008542,-1.24946298688,-0.177456994332,-0.660803927818,-1.58956257909,0.23811087119,-1.58763768783,-0.857182540832,-0.919971564114,-0.469777748677,-0.96186651961,-1.56702478182,-0.126429030353,0.56827662973,-1.44183733077,-1.22401454989,-1.00624538238,0.349215380144,4.23857261978e-15,0.0234491781532,-0.0484116002462,-0.096950248495,0.240501921014,0.221641841012,0.0325562625094,0.091454513991
0.192611015172,0.135402045363,0.223403069947,-0.0950109116051,-1.24202604839,0.0181032221951,-0.363560271056,-2.23150259568,1.26037769818,2.32977407316,-1.18339755735,-0.931801236367,-1.11720411762,0.0470438038932,1.4281599774,-0.00238192272933,1.37092069868,0.0792248106079,2.06582163203,-1.09451396717,0.244022972917,1.07134118503,0.151183669929,-1.60549074717,0.213147195329,-1.68414905118,-0.056707541821,0.42003898879,-0.9193647748,-0.278044475223,0.0872140144425,-0.262887393182,-0.232787033596,0.0400222293075
1.62462757114,1.15084221642,-1.66831079684,-0.0753210467909,1.16903695254,-0.388952284641,-0.192054866427,-1.26839615533,2.62622893706,-0.473661263493,-1.53805541563,1.34935189766,0.924406445335,1.02193560173,-0.599650551213,-0.548634466017,0.823650806333,0.304629111873,-0.517144417866,-0.984499046201,-0.688418581262,0.589314726866,-0.955453859318,-1.01422739434,-0.431281784772,0.261759332512,-5.18079513872e-316,0.00219073287225,-0.146628226442,2.59753766574e-11,-0.165870588312,-0.0228122849853,-0.232855826515,-0.110138592804
-5.48409560913,-0.0481002160485,0.255935925605,0.304107199554,3.00725839746,1.42129242753,-0.601546857806,-2.04375827502,-0.0355266078033,-1.31461377246,0.301256427981,-0.712491130753,0.227924022554,-1.4730498845,-0.98576800181,0.533913343414,1.80355604877,0.165680352725,-0.5563050388,1.11844404876,-1.51364685585,2.06749161972,0.594859942328,-1.62112977413,0.526068811348,1.34003974179,3.41494855355,-0.379674200722,0.00721477226187,0.257416045077,0.313543858333,0.503092511768,0.619407113084,0.0648788565187
1.86441008647,0.152903382649,0.562512394453,-0.279055299656,2.82227510482,1.1254205605,1.77616643824,-0.366003585236,-0.835948906686,2.38654081953,1.41095193047,1.43479316952,2.22544422124,1.53392936355,0.564116075868,-0.134111127186,-1.62439229795,1.66240694366,1.71776984872,-1.39082828059,0.944632624878,-0.287428468159,-0.665000975729,-0.90494067492,-1.50894062585,0.921732344827,0.00178976082173,0.0874440205301,0.636839767946,0.418269239738,0.22304209623,0.2237868948,0.25484459506,-0.082363028901
4.39777463374,1.01883592542,-0.0619136493987,-0.721083610639,-2.39620670237,0.38689987485,-0.51913312639,2.10623265461,1.96999156583,0.302538611184,2.12309504133,1.50955897438,1.10502554374,0.767534746362,1.7318718106,-0.576157053111,2.17287240443,0.163133586353,1.74280868563,-0.0191368754123,0.53651072305,0.261611103347,-0.221566820404,-1.05544665602,-0.916210784359,-1.08806744719,2.44457455841e-315,0.0388046797354,0.322789459248,-0.0246062239185,-0.643246725319,-0.403163307981,-0.581070296129,-0.633760268435
-0.02127625111,-0.0603755296438,0.00493917994607,0.000415534226483,0.00762734008303,0.0169303845902,0.0207577150562,-0.0362537523553,-0.0199813621584,-0.00109326558574,-0.0032175571468,0.0132149498141,0.00935786494672,0.0026981410431,0.0201423613219,0.00420438719898,0.0158744697697,0.0131798649512,0.0153925068712,-0.00657516121307,-0.00851910658277,0.00919710006243,0.000134101222679,-0.000485729198347,-0.00573451225792,-0.0117414933201,-6.02794064796e-05,0.000576306569816,-0.00475199075738,2.50789673207e-05,0.00439520398257,0.00512080496256,0.00514946237892,-0.00653458348016
-0.289760865864,0.949653130574,-0.285174609265,-0.434785161925,0.463799115027,-0.22591210571,0.0529601285718,1.05335242103,1.15863734232,2.09416350555,-1.74694735992,0.596683772722,-1.15018254683,-0.7080447586,-0.231802173819,-0.531342943604,0.458830101847,-0.629018154748,-2.26737302224,1.52828790389,-0.373333126002,0.0840571902317,0.194874752606,-1.57126145163,1.48757200105,0.609232446871,-2.77590749519e-315,0.13489913808,-0.282662872305,-0.00138671491296,-0.0815592568288,-0.108652237872,-0.130731233013,-0.409343864193
3.7592302024,0.479751107109,-1.41030982499,0.212377227402,-1.19824304822,1.10619570214,-1.24122278485,1.43815061131,1.52299611652,-1.25104002036,-1.93056171235,2.05889394098,0.336730362791,1.84876998306,-0.129844342977,0.221169357893,0.10736187204,1.47625191245,-0.064734786424,0.349774268003,1.45999042441,0.833723641521,1.16538105642,-0.359862252711,0.480671548068,-0.292789998754,-8.92638507755e-20,-0.0488138211154,-0.77654292156,0.189412750432,-0.237405884706,-0.349134298269,-0.160368580621,-0.117391474391
0.516348538889,0.389057115676,-1.25258798946,0.313684091147,3.41787411794,-1.1304446781,1.55740404364,-0.919371308219,0.0875519398788,-0.872093002006,-2.46976931066,1.80079988993,-0.0855867288125,1.40150138235,-1.76018380416,-0.630824178037,0.100084475358,-0.802747817789,1.17084520671,0.375103166759,0.0134192579438,1.43068150087,1.67615571983,-0.823443577404,0.0162157024266,-0.727671944787,-3.7926618426e-16,0.377403213288,-1.03415492082,-0.130376363415,0.095477480585,0.145276716498,0.0989627408353,0.0615492394188
0.134727557674,0.0967645927127,0.257433925945,-0.309043025882,-0.98019154749,0.702784112474,-0.107514882768,0.253130969115,1.76840941133,0.734134171937,0.267307012297,-2.51781863678,0.42053675999,-0.120784614986,2.92399247591,1.75259606126,1.54705976687,-0.240436663507,1.04744069519,0.0282216924844,1.3844725106,0.375956726685,0.694622032994,0.188237413534,0.693548290052,-2.46625407522,-0.30355881726,1.04018420363,2.24651332422,-0.0870079371455,-1.12982339644,-0.809232911759,-0.790651843384,-0.598835625263
1.00241064409,-0.608101785939,0.0460664172327,0.470925492895,-0.972313432951,0.605141416295,0.142450631758,-0.275361168645,-1.76267568913,-1.99096625521,0.525819031828,-0.357099815031,0.101774351191,2.67157106192,-0.270736787156,0.787561394837,-0.227764175007,-0.557124369414,-0.0374775715251,1.64235559925,-1.63909531059,-0.43243923315,0.80753501431,-0.0660086264118,-1.03761807492,1.15817258913,-1.07621486645e-13,1.0984818426,0.664100591115,-0.0302685591914,0.850458605217,0.70601181754,0.533692543359,0.962639971125
-0.501871637726,-0.257907906802,0.268458410391,0.511498934688,1.28422168574,-0.29080427586,1.77448007481,0.204460688587,-1.64421757855,-0.850016000952,-2.13659758602,1.59512031298,-1.07776353944,-0.415580730846,-0.350033941869,-1.27214593418,0.033198171582,-1.2728618079,-0.0329022590667,0.647314755373,-0.419496336685,1.63412262768,-0.892384059956,-0.276102090168,-1.08808576624,-1.57089229385,3.01526192367e-12,-0.552366054648,1.40391834083,-0.334733622464,0.239784948527,0.0152446316739,0.167590249782,-0.207334033347
5.70565189937,0.065345171123,0.501469032652,0.1546010418,-0.517810581338,-0.347251823749,1.21583327287,0.00769840927221,1.40258116526,3.0836972836,2.02799943033,-1.16910973963,0.40944848836,0.846678750224,1.5519028349,-0.0460654020643,0.806099657018,2.27217245182,1.28670717873,-0.780739107628,2.42071374503,-0.552768369437,0.0733081739622,1.09323017455,-2.26444682077,-2.99141608645,-1.50592310045,1.02160428662,0.0255283277142,-0.443928007189,-0.273376393747,-0.300057953032,-0.13796406114,-0.334113815966
-0.162723948388,-0.0417226999918,-1.77415297581,0.463267364207,-0.920478301431,1.07430259458,0.505436702451,0.932411373862,-0.129017272765,-0.0940933752608,-1.39043424758,-0.222438133877,-0.77072097397,-0.91745896273,0.521043015182,-1.8789430181,-0.92346904727,-1.25902828694,-0.0241536222298,0.313235420471,2.26516916575,-1.05010512406,-0.588430908922,-1.85022518366,-3.98489253884,-1.18109185131,-0.333179175906,-0.609089146521,-0.133158994948,-0.160449146518,-0.352784892224,-0.0922493932337,-0.200777776708,0.618309388859
1.86075413842,-0.100295978362,-0.207592635029,-0.254488318183,-2.47313574912,0.793497260363,1.93929655131,0.878419433383,0.8499758075,-1.72756129064,-1.67103751356,-1.19890263633,-1.06083389271,-0.0815358415708,-1.51694895649,-1.79772006439,1.20973900563,1.128409637,-0.80665299802,-2.59060875332,0.517239317255,-1.61564252862,-2.05830957714,0.72681239528,-1.40680686082,-0.10007238116,-2.43371888931e-05,-0.105094755001,-0.381742079056,0.228300607799,-0.233260651157,0.0773602149938,-0.0930969755349,-0.517314038333
-0.586373369205,-0.170732334458,-0.401615998451,0.478316532169,1.01678198954,1.22672880317,-0.39337724758,0.763366456911,1.47973173223,2.71272312127,0.765661849554,-1.56805589583,-0.229171394927,-1.73719664586,0.376012260918,1.12249051315,0.997270360286,1.44450790115,1.13850538702,1.10815222657,0.580129547034,0.973665047857,1.25599068071,0.749282601589,-0.661883235401,-0.490265376509,-0.731636565419,0.475826220835,0.456849268518,-0.134987225953,-0.211354177937,0.0411223695528,0.0605002360518,0.096649073292
-2.02379635876,-0.00800822639892,0.187949231471,-0.791186335895,-1.61872448702,-0.448550713025,-0.212867484676,-1.46545100473,1.13235559579,0.160255904978,0.751705394507,-0.0896406774251,-1.10680860268,-0.713825744335,-1.07220128557,-0.110096781373,0.882935297107,-0.614203617762,0.452912956665,-2.59500497725,0.356737519842,0.169285971867,-1.66865127581,-1.14955574215,2.21399887551,1.69777673072,-0.0777164099797,-0.337828098752,1.66001319683,-0.014034777593,-1.47580374994,-0.57831475371,-0.787735204285,0.71915871672
0.328168931792,-0.618325515856,-0.268350098871,0.205757030023,0.282156871123,0.280915788702,1.26461176652,-0.516715217265,-0.614834131896,1.37927679198,0.770260565573,1.42535571211,-0.921020193769,-1.09950215495,-0.0565258125631,-0.236997931236,0.939488590746,-1.23745331685,-1.02076968153,0.75193880225,-1.34491032426,1.16622569002,0.477740184742,0.0884766747325,0.91499978187,-0.265847391776,-6.47209740532e-17,0.0322390578639,-0.208824714254,0.0303406136145,0.55438845321,0.568135079025,0.551693065411,0.646354957612
0.0618896863956,-0.000742550538059,0.154637927885,-0.00883249684669,0.075810797277,0.23338231483,-0.0716715705456,-0.060607927154,0.026416346735,0.234945246205,0.0233744433415,0.186290136969,0.0134828215876,-0.0333977565518,0.0606933267304,-0.0478437401179,0.102799081277,0.143419579534,-0.0102220700398,-0.0314549920796,0.101834673751,0.205911258778,-0.237511583933,-0.179281306545,0.100254089502,-0.010272675997,0.012729254322,0.0283658336418,-0.0268154907655,-0.0128691727764,0.0424926714485,-0.017312288109,0.0133830569436,0.00827781226628
0.306157568678,-0.206543231585,-2.65226693672,0.107693450252,-0.774034403318,-2.94384195417,0.0727620794943,-1.65395025418,-1.77910382312,-0.316695878604,-2.30658158541,-0.106049390596,-1.96080258321,0.670055549728,-0.069414591516,-1.31211921475,-0.948789549931,-1.99122594074,-1.12634987738,-2.06587571126,-1.70711638773,-1.9925362796,-1.80185683168,2.13099431954,-1.45424760468,0.260645518467,8.83226265022e-12,0.102101185282,3.4526096534,1.36295124693,0.0995849209796,0.272103364568,0.127036035324,-0.019657362474
-1.82485929086,0.0794311840821,-0.0618712496031,-0.193887672619,1.33686104195,-1.93655821258,-0.954522151477,-0.590965102076,-0.0777163134655,0.46643597223,0.381322234089,1.26299005282,1.07561780492,0.174330060634,0.242329112345,-0.224087387829,0.136163257095,-2.43178695378,-0.94600115474,0.354992194618,-0.426559161278,0.084922508211,-2.35382260813,-1.44379221461,0.229357507351,-0.14760720103,0.406419744843,0.230521179605,0.15369504554,0.261321777445,0.207758750683,-0.490462533607,-0.458200184915,-0.442455230395
-0.574199271316,-0.680535040301,-0.247037030802,-0.367913618896,-0.408287659669,1.98786211389,0.408157716159,-0.503914704704,1.17381016935,0.957060809244,-0.639730234767,-0.385754285949,-0.965976689052,-0.38641073381,0.446161933708,-0.60034565307,-0.113974532912,0.52691148688,-0.0515525115031,-1.43260899553,1.10816764703,1.30308828782,-0.857768178215,0.0458826286767,0.694923265522,-0.00366731336575,-3.56447344157e-35,-6.41602417363e-12,-0.0243631126972,-9.60003493748e-11,-0.204560343857,-0.339810803706,-0.183107679745,-0.393486663003
0.00780591699334,0.00394978035321,0.00710706496733,0.135598441443,0.44697329302,0.0619145419972,0.00500958292619,0.0910099698548,0.14916425745,0.0210192907668,-0.0888602342955,0.0734050559302,0.263214421009,0.187692237325,0.0757432220308,0.0948915721716,-0.111853682971,0.0458626764386,0.00630636611332,-0.0193700175421,0.13016461028,-0.0225988972281,-0.0641869612347,-0.280468285205,-0.0112468847371,0.253754233438,0.0101077139928,0.0403778832152,-0.0878290905218,-0.0103213730488,0.0941722786945,0.110250141856,0.103797893695,0.106583740254
-0.0618346813721,-1.19649950729e-06,0.0166793560947,0.0580877979786,0.26267266358,-0.0865707965564,-0.187756666765,0.039480130782,-0.0499419309874,0.205036016771,-0.0384499446144,-0.0212253978938,0.168649283138,0.23206303038,-0.13767191836,0.269137539725,-0.269141762095,-0.0367855117801,-0.0365532368313,0.235736935607,0.0584848126234,-0.188303813733,0.0600642142342,-0.0833973525924,-0.013088770427,0.296661372536,0.0181872469894,0.0237511912494,-0.0609296395905,-0.012101752101,0.0381642290209,-0.0282357859176,0.0686615292016,-0.102325545832
0.297973018721,0.0244987668816,0.65877081738,-0.0586431358501,-0.527682147062,1.49263445886,1.91194821122,2.00510116863,-0.401877417193,-0.70833304337,0.227263371028,0.77060376106,-0.485377754508,0.71981414971,1.39799950032,0.000832493391809,2.71849319402,0.668098731547,1.76776099676,0.719168656489,0.0841909803537,1.86912604303,-1.07360754171,1.01780453175,-0.476353813576,0.315210898021,0.00305981246841,0.889493391742,-1.41908776434,0.572269785973,1.22961062089,0.753724713487,0.407230714862,-1.35733208729
3.20906536365,0.00668833772143,0.818036460263,-0.668379953077,2.47341876327,1.18820286192,-0.103605175933,-0.7763831017,-1.06374732821,0.410357267563,-2.00732857577,1.78937296001,0.436599365676,1.49542975038,-3.00140145025,0.0794212700278,0.575876049415,0.926003850587,0.287523296453,0.0802184830622,-0.604274432561,2.19991195367,0.454850158235,-1.04060760518,1.24406270412,0.530897660509,2.47421598118,1.29285597112,0.509523288231,0.31181945465,-0.811572721995,-0.472897155998,-0.365147776777,-0.194635210491
-0.00764956929002,-0.23951125092,-0.0194363074409,-0.116868622309,-0.0110303587577,-0.00821502027123,0.0165820030639,-0.0187859949485,-0.0364142192442,-0.00348372509022,-0.005193391086,-0.00457665482058,-0.0018972623031,-5.96965217608e-05,0.00276076655267,2.98360104531e-05,0.00024781155626,0.00778006533399,0.00621863236432,-0.0125967495088,-0.0125245692103,0.0124520485029,0.00187566681845,-0.00277679532267,-0.000661432103286,0.000523422371163,6.90282816033e-15,5.46017505689e-09,-0.000451259223397,1.39133805903e-09,-0.115268914203,-0.114177490796,-0.114183527084,-0.123970897057
0.709352750712,0.374832754744,0.0939790359884,-0.182736268046,1.37443039668,1.68412902008,1.25408629679,1.66021785098,-0.434765365053,2.87871349069,0.366611883174,0.533124270924,1.64306012069,-0.238580039378,2.82094986588,-1.36144620211,1.56915990615,-1.12184530369,-1.59744013018,2.62351970468,0.160423937166,2.20897098029,-0.399161738746,0.82063497919,-0.210728061034,0.0814868400743,-6.2023074681e-18,-0.0283239413618,-0.586226768628,0.01477018825,-0.356499520539,-0.315261719996,-0.185068762414,-0.0139313206629
-0.843482709355,-0.00975259101865,1.47784498921,-0.529285927513,-4.97760874717,-1.51636563922,-4.26807740761,-0.684054221199,1.25133996568,-0.200033141969,-2.94510476839,-2.5922542592,0.125703935455,0.731773083242,3.08901954719,-1.26532034616,-0.0670546322969,-0.0446487536256,-1.3951616276,-2.19663654104,-0.386303503628,-0.594519530254,-5.72958000713,-0.72200658283,1.15513573069,-0.713752377736,-0.200092479495,-0.384393069621,-0.461454984912,0.136352665699,-0.114558676721,-0.157903771753,-0.160005489579,0.418343620039
-0.799878820375,-0.0953417716866,1.26731443289,0.210139008331,-0.258143254485,-1.98125448627,-2.60956627662,0.541126675677,-1.00728856967,-2.21178697614,-1.01414038066,0.0471553578751,-0.902099362445,1.25400168534,0.354160593345,0.535755439467,1.24730034431,-0.88612761124,-0.326035109266,-0.426439974431,0.248082509041,1.04286818862,0.849588412338,0.422986155325,2.95473718166,1.52799786122,0.0113419190064,-0.308428067049,0.210073693935,0.0330088625244,-0.0642741339839,-0.0382323017786,0.17598763099,-0.074201996482
-1.54853154986,-0.0305892929145,-1.94317858281,-0.796501194878,-4.77295259935,0.70458679069,-0.0123757441316,2.7137381801,2.30749845891,2.782324094,-2.56748324934,-0.30412345762,-1.55695298103,-1.14935528233,-0.380651789672,0.122015504664,1.73235351888,0.537216823057,0.996670741636,0.122906239592,-0.513461234767,-0.873426324396,-0.476999889201,-0.950799388436,-0.905148499339,-0.0850645109133,1.22056443762,-0.910675901884,0.581235926465,-0.218374501771,0.246343621025,0.176626958186,0.169205448461,0.909330713827
-4.43275354083,-0.50152981086,-0.358913453001,0.339739989228,2.5735016711,-1.3929362522,1.13619255192,-0.638515794212,-0.158846045284,-1.58196972931,0.125417737194,0.365646692947,0.106580016543,-0.206974256755,-1.9762093856,0.659843969015,0.740862489568,1.09167585444,-1.48855995201,0.827618597931,0.768878555964,0.360684847551,-2.02062390119,0.0420813806706,0.150716376806,-0.595083745031,2.22249180182e-20,0.0795040508514,0.7237271225,-0.360535435681,0.220458334549,0.0766693076246,0.175052748833,0.10363290493
0.497833498876,0.239051556965,0.755523714239,0.124346367011,0.370113917701,-1.19825001065,-0.595987929377,-0.0837771600696,0.148272485838,0.532704266887,-0.470377454181,1.17582994167,1.49319574602,1.15289671718,1.66319307812,0.279673847071,-0.911024500397,1.17544668489,0.887859420878,1.64342556858,0.0410867955096,-1.82612441519,-0.404039846633,0.0491638364331,-0.654255829917,-0.00674096118032,1.00607159757e-10,0.0121002766896,-0.0156968854539,0.0166034890235,0.157695685285,0.00324415788676,0.107751165006,0.138049367618
-2.22827450954,-0.0551462046208,-1.75161141301,-0.176414895734,0.124362695152,-1.25401979611,0.170071503003,-0.0599646419679,1.74185706884,0.421092581808,2.25746212637,-1.42485251919,0.323697711829,2.10532953497,1.55207718911,-0.822841332241,0.253541188445,-2.74559048541,-0.895832301839,0.244951058095,0.380845640855,0.357256933924,0.355380458131,0.785750865361,-0.119098858108,1.15622616912,0.055309959812,-0.0208498594634,-1.02061375431,0.105219855881,0.045455529153,-0.159660849914,-0.287327403019,-0.345571737468
-3.3915320034,-0.126080685931,1.6592175287,-0.130432468196,0.866138246235,-1.95154091833,-2.14135053213,1.91172054215,-0.696930257283,-0.564916408392,0.013489415451,1.06985549561,-0.503222283364,-0.234722240373,0.49811231338,-0.534622283511,-0.112548569664,-0.477392965514,-2.15616409938,1.13763557442,0.0664994883412,-0.576051127114,0.90620461795,-1.4791916538,0.130689946304,0.492280855584,6.54472917895e-05,-0.293163964158,2.35744528107,-0.157651824093,-0.267854287373,-0.186741360834,-0.207237114359,-0.608748388232
-0.00477522417025,0.00111193737433,-0.0259681685434,0.0520476757508,0.00482011550153,-0.0109394541852,-0.0525790746156,-0.399258857424,-0.00483679964566,0.266878959064,0.0106881083997,-0.111157825109,-0.0742890630245,-0.0686624188089,-0.100075566651,-0.161483940217,-0.00801515176393,0.0555833268147,-0.0293247972582,0.327015900842,-0.0487882092832,-0.190219117001,0.0075472868643,0.197995613198,0.139543898079,-0.162736837499,0.13840436297,-0.0131438162807,0.0834324092468,-0.0112093583428,0.0312245457698,0.10855574001,-0.132891433574,-0.0926996151553
-0.536860127506,-0.535581988838,-0.709324564469,-0.120490863829,-0.722535762058,-1.06322640902,-0.0941442480655,-0.346190523934,-0.24343577016,-0.511415212216,-0.037443142781,-0.457721860636,-0.487384658363,1.01086445879,-0.892260480621,-0.193384171177,-0.524546827862,1.39739503662,-0.0149298583542,-0.501749244737,-0.719092423648,-0.87955346464,0.416504197511,0.105583248812,-0.317634895941,-0.00667247651949,3.19608096156e-20,-0.00217869089793,-0.0392956583747,6.27932957307e-09,-0.0578125232208,0.0100799188109,0.0782547891986,0.083103841661
0.00373469201877,0.184365735327,0.0077409555416,0.0697530491217,0.00512574604344,0.00504200459336,-0.0153852124776,0.0182914247365,0.022568503055,0.00411346602004,0.00551143207943,-0.00178880633716,-0.000858180530928,-0.000620334246405,-0.0045928503572,0.0025540015584,-0.00395536399501,-0.00700517065072,-0.00646453218209,0.0114122870007,0.00867205380906,-0.00785244707358,-0.00105050333804,0.00190134053767,0.00436981702314,0.00066921580417,-2.27762425928e-14,-1.26588694334e-07,0.000203045411004,-1.35632609753e-08,0.0686475676345,0.0678383562915,0.0678386419779,0.0744914120272
0.290945774608,0.0988162901528,1.09315207968,-0.356681081257,1.11432227469,0.204973389229,-0.554066134089,-0.572368604712,-1.44967927919,0.530683628654,-1.2166275572,1.80235524411,0.492125745797,0.111763550796,-1.56582907633,1.32464167803,0.231715506468,1.33456681995,-1.92042244953,0.110847723684,-0.0934086983334,1.74553083801,0.941859154668,-0.399141852081,-2.06950067532,-2.32928081495,0.377293423891,-0.921661290916,-0.286168750865,-0.500302473796,-0.428779353885,-0.438056391608,-0.188580733126,-0.71080715292
2.33786633177,-0.362688792229,0.247075841343,0.683266883218,-1.44625584869,0.031363079824,0.45790440784,0.296304855382,-1.45359892726,0.760275247281,1.05740604829,0.3846272712,-1.31713060058,-0.0851570523809,-1.17768203929,-0.562366494632,0.747663625464,-0.508951800097,0.00371845472655,0.214747427413,0.00286557976441,0.0740437543226,-1.82644455556,0.68140585329,-1.08988384959,0.28417891588,7.48098573502e-14,-1.18497415734,0.747303546294,0.140786153428,0.472410559255,0.766380567488,0.693333899963,0.49679975746
-0.00318184564641,0.00511085578702,-0.658249048936,0.0297721217232,-0.493876217438,-0.454389139125,0.233457177081,-0.0232510300595,0.461292298546,-0.286145139946,-0.0294090311339,-0.308456086135,-0.203405101896,-0.0774465754295,-0.290425313449,0.0146581247885,0.00887894629783,-0.166871387996,-0.136899182523,-0.0547278761163,-0.511753157499,-0.0503591054585,-0.128657584169,-0.0569567118908,-0.00306285615548,-0.114079365756,0.133958139846,-0.0613460294072,0.0264814260424,0.00267513070191,-0.0420800354584,-0.0156994187344,0.162244869045,0.117104416469
1.1799291525,-0.14772053241,-0.553296675033,0.316483830433,-0.657236133359,1.46181300669,0.941092971727,-0.0176998297122,2.06257556959,0.861469799646,-0.430407095297,-1.53375439521,2.00828177913,-0.219521057673,0.0411912808001,-0.55799832562,-0.619638079553,0.793318855957,0.36228858674,3.15040789114,0.287694366655,-0.791545528033,0.717283898369,-0.181516773947,0.050717447855,-0.763341659957,0.305828483595,0.364753894862,-0.842605372392,-0.0931819336852,0.439263299992,0.150250903187,0.174793576633,0.67380001985
